fi	Copepoda-alaluokka	Copepoda
fi	Copepoda-alaluokka	hankajalkaiset
fi	aaltoilu	aalto
fi	alentua	heikentyä
fi	alentua	laantua
fi	alentua	vähentyä
fi	antaa	sallia
fi	antaa potkut	erottaa
fi	aukko	rako
fi	australialainen	aussi
fi	autiomaa	aavikko
fi	dogmi	oppi
fi	doktriini	dogmi
fi	doktriini	oppi
fi	eduskunta	parlamentti
fi	eskimokieli	eskimo
fi	fondue	fondyy
fi	haaveilu	haaveileminen
fi	halailla	halata
fi	hankajalkaiset	Copepoda
fi	hassu	höpsähtänyt
fi	haukkuminen	parjaus
fi	heikentyä	heiketä
fi	heikentyä	vähentyä
fi	hellittää	heikentyä
fi	hellittää	laantua
fi	hellittää	vähentyä
fi	herjaus	panettelu
fi	herjaus	parjaus
fi	herkkä	herkkänahkainen
fi	herkkä	ärtyisä
fi	herkkänahkainen	ärtyisä
fi	huhu	juoru
fi	hullunkurinen	hassu
fi	hämmästyttää	yllättää
fi	häpäisy	parjaus
fi	hölmö	hassu
fi	hölmö	hullunkurinen
fi	hölmö	höpsö
fi	hölmö	sekopäinen
fi	hölmö	typerä
fi	hölmö	yksinkertainen
fi	höpsö	hassu
fi	höpsö	hullunkurinen
fi	höpsö	sekopäinen
fi	höpsö	typerä
fi	ilkeys	kalseus
fi	ilkeys	tylyys
fi	järjettömyys	mielettömyys
fi	kannattaa	tukea
fi	kerho	klubi
fi	kerho	yhdistys
fi	kertomus	raportti
fi	kiikkutuoli	keinutuoli
fi	klorofylli	lehtivihreä
fi	klubi	yhdistys
fi	koiras-	uros-
fi	komento	käsky
fi	konsultti	neuvonantaja
fi	korottaa	nostaa
fi	kuivaa	kuivua
fi	kukkula	kumpu
fi	kunnianloukkaus	parjaus
fi	kuori	Atomin elektronikuori.
fi	kärttyisä	herkkä
fi	kärttyisä	herkkänahkainen
fi	kärttyisä	ärtyisä
fi	käytetty	vanha
fi	laantua	heikentyä
fi	laantua	tyyntyä
fi	lahdata	murhata
fi	lahdata	surmata
fi	lahdata	tappaa
fi	laiva	alus
fi	lakata	lopettaa
fi	leipä	ehtoollisleipä
fi	lento	lentäminen
fi	linnake	linnoitus
fi	lopettaa	surmata
fi	lähdeluettelo	bibliografia
fi	lätäkkö	lammikko
fi	maavoimat	armeija
fi	metropoli	suurkaupunki
fi	mies	aviomies
fi	murhata	lopettaa
fi	murhata	surmata
fi	murhata	tappaa
fi	mustaaminen	kunnianloukkaus
fi	naurettava	hassu
fi	naurettava	hullunkurinen
fi	naurettava	höpsähtänyt
fi	naurettava	höpsö
fi	norsu	elefantti
fi	nostaa	kohottaa
fi	olettamus	hypoteesi
fi	oletus	hypoteesi
fi	oletus	olettamus
fi	olla riippuvainen	riippua
fi	omituinen	poikkeuksellinen
fi	opinkappale	dogmi
fi	opinkappale	doktriini
fi	opinkappale	oppi
fi	outo	omituinen
fi	outo	poikkeuksellinen
fi	pakastunut	jäätynyt
fi	pala	hauislihas
fi	panettelu	kunnianloukkaus
fi	panettelu	parjaus
fi	panettelu	solvaus
fi	parjaus	solvaus
fi	pidättäytyä	kieltäytyä
fi	potkuri	propelli
fi	puhua	keskustella
fi	puhujakoroke	kateederi
fi	putkisto	putki
fi	pylväs	tolppa
fi	pyörittää	kiertää
fi	raataa	ahertaa
fi	rakko	rakkula
fi	rasismi	rotuviha
fi	reikä	aukko
fi	riita	kiista
fi	ruoho	heinä
fi	ruoho	pilvi
fi	sakkaridi	hiilihydraatti
fi	seiväs	heinäseiväs
fi	sekoittaa	hämmästyttää
fi	sekopäinen	hassu
fi	sekopäinen	hullunkurinen
fi	sekopäinen	höpsähtänyt
fi	sekopäinen	typerä
fi	selonteko	raportti
fi	sydänkohtaus	sydäninfarkti
fi	säädös	laki
fi	taantua	heiketä
fi	tappaa	lopettaa
fi	tappaa	surmata
fi	tarjota	antaa
fi	tehdas	teollisuuslaitos
fi	tehdaslaitos	tehdas
fi	tehdaslaitos	teollisuuslaitos
fi	tekijänpalkkio	rojalti
fi	terminologia	nimistö
fi	teurastaa	lahdata
fi	teurastaa	murhata
fi	teurastaa	surmata
fi	teurastaa	tappaa
fi	tihkua	pisaroida
fi	tihkua	tippua
fi	tihkua	vuotaa
fi	tippua	antaa
fi	tippua	pisaroida
fi	todennäköisesti	luultavasti
fi	toimintasuunnitelma	strategia
fi	tongit	pihdit
fi	tukea	auttaa
fi	tunnusomainen	ominainen
fi	tuntea	aistia
fi	tuntea	erottaa
fi	tuotantolaitos	tehdas
fi	tuotantolaitos	tehdaslaitos
fi	tuotantolaitos	teollisuuslaitos
fi	tuttu	tuttava
fi	typerä	hassu
fi	typerä	höpsähtänyt
fi	typerä	yksinkertainen
fi	tyyntyä	heikentyä
fi	vaihtelevuus	vaihtelu
fi	vaikuttaa	näyttää
fi	valkea	valkoinen
fi	varsi	kukkavarsi
fi	varsi	runko
fi	vasen	vasemmanpuoleinen
fi	vuotaa	pisaroida
fi	vuotaa	tippua
fi	vähentyä	heiketä
fi	välitön maksu	käteismaksu
fi	väärä	erheellinen
fi	yhdistää	sekoittaa
fi	yhdistää	sitoa
fi	yksinkertainen	alkeellinen
fi	yksinkertainen	helppo
fi	ylempi	korkeampi
fi	älytön	hassu
fi	älytön	hölmö
fi	älytön	höpsähtänyt
fi	älytön	höpsö
fi	älytön	sekopäinen
fi	älytön	typerä
hu	Copepoda	Copepoda alosztály
hu	Copepoda	evezőlábú rákok alosztálya
hu	Copepoda alosztály	evezőlábú rákok alosztálya
hu	abnormális	bolond
hu	agyalágyult	balgatag
hu	agyalágyult	buggyant
hu	agyalágyult	dilis
hu	agyalágyult	esztelen
hu	agyalágyult	flúgos
hu	agyalágyult	hibbant
hu	agyalágyult	hülye
hu	agyalágyult	lökött
hu	alábbhagy	apad
hu	alábbhagy	elcsendesedik
hu	alábbhagy	elcsitul
hu	alábbhagy	elhal
hu	alábbhagy	gyengül
hu	alábbhagy	lanyhul
hu	alábbhagy	tompul
hu	apad	elcsendesedik
hu	apad	elcsitul
hu	autokrácia	önkényuralom
hu	balga	agyalágyult
hu	balga	balgatag
hu	balga	buggyant
hu	balga	dilis
hu	balga	esztelen
hu	balga	flúgos
hu	balga	hülye
hu	balga	lökött
hu	balgatag	esztelen
hu	balgatag	flúgos
hu	balgatag	hülye
hu	balgatag	lökött
hu	beszámoló	riport
hu	bibliográfia	irodalomjegyzék
hu	bohó	agyalágyult
hu	bohó	balga
hu	bohó	balgatag
hu	bohó	buggyant
hu	bohó	dilis
hu	bohó	esztelen
hu	bohó	flúgos
hu	bohó	hülye
hu	bohó	lökött
hu	bolondos	abnormális
hu	bolondos	agyalágyult
hu	bolondos	balga
hu	bolondos	balgatag
hu	bolondos	bohó
hu	bolondos	bolond
hu	bolondos	buggyant
hu	bolondos	dilis
hu	bolondos	esztelen
hu	bolondos	flúgos
hu	bolondos	hülye
hu	bolondos	lökött
hu	bordély	bordélyház
hu	buggyant	balgatag
hu	buggyant	dilis
hu	buggyant	esztelen
hu	buggyant	flúgos
hu	buggyant	hibbant
hu	buggyant	hülye
hu	buggyant	lökött
hu	csitul	alábbhagy
hu	csitul	apad
hu	csitul	elcsendesedik
hu	csitul	elcsitul
hu	csitul	elhal
hu	csitul	elhalványul
hu	csitul	elül
hu	csitul	enyhül
hu	csitul	gyengül
hu	csitul	lanyhul
hu	degenerált	agyalágyult
hu	degenerált	balga
hu	degenerált	balgatag
hu	degenerált	bohó
hu	degenerált	bolondos
hu	degenerált	buggyant
hu	degenerált	dilis
hu	degenerált	esztelen
hu	degenerált	flúgos
hu	degenerált	hülye
hu	degenerált	lökött
hu	dilis	balgatag
hu	dilis	bolond
hu	dilis	esztelen
hu	dilis	flúgos
hu	dilis	hülye
hu	dilis	lökött
hu	egylet	klub
hu	elcsendesedik	elcsitul
hu	elegyít	ötvöz
hu	elhal	elcsendesedik
hu	elhal	elcsitul
hu	elhal	gyengül
hu	elhal	szűnik
hu	elhal	tompul
hu	elhalványul	alábbhagy
hu	elhalványul	elcsendesedik
hu	elhalványul	elcsitul
hu	elhalványul	gyengül
hu	elhalványul	lanyhul
hu	eljegyzés	kézfogó
hu	elv	filozófia
hu	elül	alábbhagy
hu	elül	apad
hu	elül	elcsendesedik
hu	elül	elcsitul
hu	elül	elhal
hu	elül	gyengül
hu	elül	lankad
hu	elül	szűnik
hu	elül	tompul
hu	enyhül	alábbhagy
hu	enyhül	apad
hu	enyhül	elcsitul
hu	enyhül	elhal
hu	enyhül	elhalványul
hu	enyhül	elül
hu	enyhül	gyengül
hu	enyhül	lankad
hu	enyhül	lanyhul
hu	enyhül	tompul
hu	erődítmény	erőd
hu	esztelen	flúgos
hu	esztelen	hülye
hu	esztelen	lökött
hu	feltevés	feltételezés
hu	felvonó	lift
hu	flúgos	hülye
hu	flúgos	lökött
hu	fogy	apad
hu	fogy	elhal
hu	fogy	enyhül
hu	fogy	gyengül
hu	fogy	lanyhul
hu	fényűzés	luxus
hu	függő szerződés	feltételes szerződés
hu	gyengül	apad
hu	gyengül	elcsitul
hu	gyengül	lankad
hu	gyengül	lanyhul
hu	gyengül	tompul
hu	helikopter	csavarszárnyú repülőgép
hu	horog	kampó
hu	hím	hímnemű
hu	híresztelés	pletyka
hu	hülye	abnormális
hu	hülye	bolond
hu	jegygyűrű	karikagyűrű
hu	jóvátétel	kárpótlás
hu	kever	elegyít
hu	kever	ötvöz
hu	klorofill	levélzöld
hu	krízis	válság
hu	kőris	kőrisfa
hu	lanyhul	elcsitul
hu	lanyhul	lankad
hu	lanyhul	tompul
hu	lefokoz	leminősít
hu	levág	öl
hu	leöl	levág
hu	leöl	öl
hu	lökött	hülye
hu	lüke	agyalágyult
hu	lüke	balga
hu	lüke	balgatag
hu	lüke	bohó
hu	lüke	bolondos
hu	lüke	buggyant
hu	lüke	degenerált
hu	lüke	dilis
hu	lüke	esztelen
hu	lüke	flúgos
hu	lüke	hülye
hu	lüke	lökött
hu	meggyilkol	kinyír
hu	meggyilkol	végez
hu	megszelídül	lankad
hu	múlik	függ
hu	nyal-fal	csőrözik
hu	nyalakodik	csőrözik
hu	nyalakodik	nyal-fal
hu	nyél	fogó
hu	nyél	szár
hu	országgyűlés	parlament
hu	pszichológia	lélektan
hu	pózna	oszlop
hu	rasszizmus	fajgyűlölet
hu	rosszindulat	rosszakarat
hu	rágalmazás	rágalom
hu	smacizik	csőrözik
hu	smacizik	nyal-fal
hu	smacizik	nyalakodik
hu	smárol	csőrözik
hu	smárol	nyal-fal
hu	smárol	nyalakodik
hu	smárol	smacizik
hu	szacharid	szénhidrát
hu	szelídül	alábbhagy
hu	szelídül	enyhül
hu	szelídül	gyengül
hu	szelídül	lankad
hu	szelídül	megszelídül
hu	szívinfarktus	szívroham
hu	tan	elv
hu	tantétel	elv
hu	tantétel	tan
hu	virág	szobanövény
hu	vág	levág
hu	vág	leöl
hu	vág	öl
hu	vásárol	vesz
hu	végez	befejez
hu	végez	kinyír
hu	zeneszerző	komponista
hu	órásmester	órás
hu	üzem	gyár
